<?xml version="1.0" encoding="UTF-8"?>
<!DOCTYPE suite SYSTEM "http://testng.org/testng-1.0.dtd">
<suite name="E2E test cases execution for android device name : Samsung S23 Ultra" thread-count="2" verbose="2" parallel="tests" annotations="JDK">

    <test name="Android Test case">
        <parameter name="device" value="android"/>
        <classes>
            <class name="StepDefinitions.TestRunner_Android"/>
        </classes>
    </test><!-- Test -->
        <test name="Ios Test case">
            <parameter name="device" value="browserstack-ios"/>
            <classes>
                <class name="StepDefinitions.TestRunner_Ios"/>
            </classes>
        </test>
<!--        <test name="Web Test case">-->
<!--            <parameter name="device" value="browser"/>-->
<!--            <parameter name="url" value="url"/>-->
<!--            <classes>-->
<!--                <class name="StepDefinitions.TestRunner_Browser"/>-->
<!--            </classes>-->
<!--        </test>-->
</suite><!-- Test -->

